id,first_name,last_name,email,gender,ip_address
1,Yolanda,Zecchii,yzecchii0@usnews.com,Female,20.14.54.68
2,Bordie,Grubbe,bgrubbe1@nps.gov,Male,197.108.19.45
3,Shadow,Foskett,sfoskett2@msn.com,Male,78.167.137.95
4,Odell,Swannie,oswannie3@photobucket.com,Male,209.81.137.246
5,Bucky,Breeder,bbreeder4@deviantart.com,Male,3.106.135.128
6,Dal,Restill,drestill5@wikia.com,Male,205.129.200.215
7,Kimberlyn,Steet,ksteet6@princeton.edu,Female,111.81.230.139
8,Clay,Bolitho,cbolitho7@liveinternet.ru,Male,74.248.172.162
9,Yale,Longworthy,ylongworthy8@about.me,Male,148.54.46.16
10,Marmaduke,Kempton,mkempton9@sphinn.com,Male,51.24.130.60
11,Tiphani,How to preserve,thowtopreservea@wordpress.com,Female,254.77.58.113
12,Brooke,Cornillot,bcornillotb@craigslist.org,Male,36.154.123.123
13,Jakob,Heales,jhealesc@hao123.com,Male,141.98.108.230
14,Gunner,Linch,glinchd@rambler.ru,Male,97.102.212.140
15,Moritz,Okie,mokiee@booking.com,Male,191.76.203.137
16,Dante,Lievesley,dlievesleyf@mediafire.com,Male,123.166.227.130
17,Earvin,Halesworth,ehalesworthg@blogger.com,Male,88.252.41.176
18,Leoine,Montague,lmontagueh@ameblo.jp,Female,220.142.52.83
19,Marlane,Vieyra,mvieyrai@opensource.org,Female,141.119.67.54
20,Roch,Padberry,rpadberryj@posterous.com,Female,238.61.47.70
21,Charlene,Meadway,cmeadwayk@multiply.com,Female,59.27.1.235
22,Frederica,Clulee,fcluleel@cargocollective.com,Female,138.126.138.42
23,Shelly,Belverstone,sbelverstonem@china.com.cn,Female,76.91.161.98
24,Livvie,Morales,lmoralesn@sitemeter.com,Female,79.129.11.244
25,Elston,Rogez,erogezo@baidu.com,Male,199.64.238.55
26,Jourdan,Oldrey,joldreyp@altervista.org,Female,72.98.31.70
27,Hamlin,Cuppitt,hcuppittq@nytimes.com,Male,161.42.15.156
28,Garik,Thomasset,gthomassetr@ezinearticles.com,Male,240.58.252.182
29,Sonnie,Brimblecomb,sbrimblecombs@mozilla.com,Female,140.236.211.33
30,Merv,Pachmann,mpachmannt@ft.com,Male,34.54.220.244
31,Cletis,Edmeades,cedmeadesu@bloomberg.com,Male,34.237.105.118
32,Mitchel,Crotty,mcrottyv@sphinn.com,Male,200.13.45.52
33,Celestine,Lyffe,clyffew@dropbox.com,Female,17.113.117.173
34,Drusilla,Dentith,ddentithx@virginia.edu,Female,88.76.8.225
35,Antonino,McGraith,amcgraithy@spotify.com,Male,50.58.193.137
36,Sophie,Clarkin,sclarkinz@gov.uk,Genderfluid,227.179.106.183
37,Simeon,Strong,sstrong10@macromedia.com,Male,210.170.237.128
38,Verene,Burl,vburl11@nsw.gov.au,Female,162.223.177.200
39,Alta,McDonough,amcdonough12@discovery.com,Female,255.226.120.197
40,Lesly,Tuohy,ltuohy13@un.org,Female,162.229.43.235
41,Melodee,Argyle,margyle14@hugedomains.com,Female,50.77.141.8
42,Annabelle,Ellingworth,aellingworth15@studiopress.com,Female,46.17.135.56
43,Gilberta,O'Henecan,gohenecan16@angelfire.com,Agender,32.106.42.211
44,Lowrance,Profit,lprofit17@dell.com,Male,73.62.207.162
45,Ardis,Igo,aigo18@digg.com,Female,174.61.143.22
46,Chelsy,Dixey,cdixey19@liveinternet.ru,Female,57.59.172.224
47,Gabriellia,Wane,gwane1a@ibm.com,Female,201.215.138.168
48,Randie,Russell,rrussell1b@goo.gl,Male,100.198.119.147
49,Travers,Disbrey,tdisbrey1c@infoseek.co.jp,Genderqueer,160.114.112.70
50,Stacey,Youngs,syoungs1d@engadget.com,Female,126.225.187.43
51,Vi,Purdon,vpurdon1e@sakura.ne.jp,Female,51.193.108.203
52,Forster,Hamelyn,fhamelyn1f@mozilla.org,Male,23.213.214.101
53,Sella,Klossmann,sklossmann1g@vistaprint.com,Female,193.62.57.52
54,Giacinta,Gaine of England,ggaineofengland1h@istockphoto.com,Female,144.170.41.245
55,Blondell,Raynham,braynham1i@simplemachines.org,Female,105.73.128.223
56,Florance,Banbury,fbanbury1j@hugedomains.com,Female,57.51.199.106
57,Fitzgerald,Calleja,fcalleja1k@amazon.co.uk,Male,226.35.94.142
58,Marlie,Goodding,mgoodding1l@time.com,Female,108.187.111.181
59,Grissel,Kropach,gkropach1m@pbs.org,Female,128.53.58.166
60,Hugues,Walsh,hwalsh1n@pinterest.com,Male,136.142.43.220
61,Buiron,Dunsmore,bdunsmore1o@ucla.edu,Male,93.184.148.56
62,Sheilah,Murdie,smurdie1p@un.org,Female,97.50.237.74
63,Dulce,Dirand,ddirand1q@dropbox.com,Female,178.65.105.146
64,Garwin,Tomei,gtomei1r@amazon.co.uk,Male,200.230.34.48
65,Teresita,Barwood,tbarwood1s@goo.gl,Female,180.6.177.225
66,Gunilla,Dorton,gdorton1t@gov.uk,Female,218.52.175.195
67,Kathi,Beaufoy,kbeaufoy1u@economist.com,Female,197.252.138.132
68,Louella,Ready,lready1v@flickr.com,Female,106.113.236.38
69,Dottie,Drakers,ddrakers1w@go.com,Bigender,214.28.237.148
70,Deena,Lowry,dlowry1x@google.com.br,Female,228.248.65.65
71,Cyrillus,Kelshaw,ckelshaw1y@goodreads.com,Male,98.221.154.202
72,Abey,Duckett,aduckett1z@dropbox.com,Male,110.30.149.16
73,Abel,Brosnan,abrosnan20@illinois.edu,Male,234.231.86.141
74,Tommie,McGinny,tmcginny21@eepurl.com,Male,100.74.149.178
75,Lynea,Jerwood,ljerwood22@discovery.com,Female,28.219.29.164
76,Flossie,Pace,fpace23@icq.com,Female,248.133.114.229
77,Palm,Stather,pstather24@theguardian.com,Bigender,142.118.115.11
78,Dita,Walshaw,dwalshaw25@microsoft.com,Female,139.174.123.205
79,Karney,Rann,krann26@blogtalkradio.com,Male,118.233.20.129
80,Veriee,Gunston,vgunston27@telegraph.co.uk,Female,121.7.64.148
81,Brock,Bruntjen,bbruntjen28@eepurl.com,Male,35.205.99.109
82,Krystle,Renfield,krenfield29@wikipedia.org,Female,32.201.55.134
83,Lonny,Cutchie,lcutchie2a@apache.org,Male,70.110.124.208
84,Barnebas,Bodemeaid,bbodemeaid2b@china.com.cn,Male,152.197.249.32
85,Levey,Dimitresco,ldimitresco2c@moonfruit.com,Non-binary,59.41.0.53
86,Brandtr,Hiland,bhiland2d@wsj.com,Male,235.249.46.36
87,Natalee,Dorie,ndorie2e@drupal.org,Female,181.56.235.158
88,Karlis,MacMenamin,kmacmenamin2f@bizjournals.com,Male,134.22.136.96
89,Elita,Heathcoat,eheathcoat2g@so-net.ne.jp,Female,147.103.15.127
90,Evania,Wedmore,ewedmore2h@gnu.org,Female,200.12.230.86
91,Ada,Jeannon,ajeannon2i@si.edu,Female,54.201.122.148
92,Norma,Spowage,nspowage2j@cdbaby.com,Female,81.223.220.130
93,Brander,Borborough,bborborough2k@usda.gov,Male,3.77.238.102
94,Gayle,Corrigan,gcorrigan2l@creativecommons.org,Female,245.224.81.132
95,Irvine,Benkin,ibenkin2m@engadget.com,Male,241.49.106.136
96,Nikki,Stefi,nstefi2n@163.com,Male,221.206.239.199
97,Gram,Mabe,gmabe2o@oracle.com,Male,8.234.102.247
98,Tabbitha,Hansel,thansel2p@newsvine.com,Female,241.213.249.128
99,Mada,Kelinge,mkelinge2q@blog.com,Female,58.248.1.236
100,Wilton,Trenear,wtrenear2r@fc2.com,Male,32.31.166.124
101,Malchy,Pashe,mpashe2s@google.fr,Male,177.216.233.50
102,Kissiah,Michelotti,kmichelotti2t@ameblo.jp,Female,188.57.129.90
103,Gibb,Levett,glevett2u@dot.gov,Male,233.24.48.145
104,Stefano,Werendell,swerendell2v@plala.or.jp,Male,65.76.195.208
105,Tammy,Eminson,teminson2w@furl.net,Female,203.103.219.187
106,Miguela,Henriksson,mhenriksson2x@trellian.com,Female,51.27.4.66
107,Whit,MacGragh,wmacgragh2y@toplist.cz,Male,237.135.130.6
108,Carlie,Greschke,cgreschke2z@imdb.com,Male,107.160.208.206
109,Allyson,Sainz,asainz30@usa.gov,Female,25.246.188.151
110,Waldon,Dollard,wdollard31@meetup.com,Male,160.210.6.24
111,Robenia,Broggini,rbroggini32@devhub.com,Female,219.219.237.133
112,Reed,Tesh,rtesh33@a8.net,Male,245.201.162.142
113,Curtis,Kellie,ckellie34@paginegialle.it,Male,156.196.129.169
114,Brewster,Mosen,bmosen35@gnu.org,Male,90.14.207.196
115,Sissy,Epelett,sepelett36@goo.ne.jp,Female,75.49.234.118
116,Faun,Simpole,fsimpole37@360.cn,Female,136.196.113.255
117,Bette-ann,Walster,bwalster38@reverbnation.com,Female,66.87.222.238
118,Renelle,Bunt,rbunt39@cnbc.com,Female,165.106.237.136
119,Valida,Brownsey,vbrownsey3a@webeden.co.uk,Female,35.117.245.246
120,Mahmud,Hugh,mhugh3b@psu.edu,Male,182.113.111.23
121,Gwenni,Dacke,gdacke3c@adobe.com,Female,186.62.209.239
122,Damita,Click,dclick3d@ucoz.com,Female,167.142.147.231
123,Delila,Bradley,dbradley3e@loc.gov,Female,220.161.185.250
124,Lisa,Kelberman,lkelberman3f@wikimedia.org,Genderqueer,56.168.59.112
125,Kev,Jacqueme,kjacqueme3g@symantec.com,Male,101.109.210.252
126,Uriah,Hartwright,uhartwright3h@pbs.org,Male,200.225.75.28
127,Delia,Kitching,dkitching3i@state.tx.us,Female,35.181.162.37
128,Abigael,Blackey,ablackey3j@ft.com,Female,168.137.170.44
129,Giacinta,Garvagh,ggarvagh3k@nhs.uk,Genderqueer,236.243.1.237
130,Barr,Shanklin,bshanklin3l@epa.gov,Male,212.114.208.53
131,Sawyer,Brixey,sbrixey3m@youtube.com,Male,7.95.230.91
132,Camey,Kendrick,ckendrick3n@dailymotion.com,Male,89.239.30.191
133,Adriano,Copsey,acopsey3o@deliciousdays.com,Genderfluid,23.44.92.197
134,Daisy,Dundredge,ddundredge3p@jigsy.com,Female,232.123.16.161
135,Neda,Uden,nuden3q@tamu.edu,Female,98.2.139.75
136,Jephthah,Lyles,jlyles3r@123-reg.co.uk,Male,181.213.45.72
137,Beck,Carnalan,bcarnalan3s@imageshack.us,Male,77.221.114.25
138,Tabbatha,Brandenburg,tbrandenburg3t@bloglovin.com,Female,183.150.210.68
139,Mavis,Rouge,mrouge3u@theguardian.com,Female,1.197.97.204
140,Ailina,Henderson,ahenderson3v@hhs.gov,Female,251.247.241.238
141,Christiano,Mc Harg,cmcharg3w@shinystat.com,Male,228.249.106.135
142,Granville,Gerriet,ggerriet3x@sogou.com,Male,178.74.145.127
143,Ogden,Mulcaster,omulcaster3y@merriam-webster.com,Male,16.57.46.139
144,Lyndsey,Ragbourne,lragbourne3z@flavors.me,Female,218.144.199.204
145,Noak,McGrudder,nmcgrudder40@reverbnation.com,Male,233.133.174.77
146,Carmelita,Sivyer,csivyer41@wordpress.org,Non-binary,2.239.173.185
147,Parry,Hackford,phackford42@google.es,Male,215.49.57.21
148,Tyne,Barroux,tbarroux43@samsung.com,Female,212.33.124.240
149,Ax,Nickoles,anickoles44@bigcartel.com,Male,203.230.223.149
150,Lind,Pearse,lpearse45@moonfruit.com,Male,203.36.108.118
151,Nappy,Raeburn,nraeburn46@digg.com,Male,250.137.135.185
152,Kass,Carlisi,kcarlisi47@ftc.gov,Bigender,42.30.254.187
153,Georgeta,Costall,gcostall48@taobao.com,Bigender,193.209.9.255
154,Kiel,Izak,kizak49@uol.com.br,Male,174.145.49.26
155,Jade,Pleager,jpleager4a@free.fr,Female,106.172.252.170
156,Brant,Chatwin,bchatwin4b@i2i.jp,Male,25.224.21.13
157,Darill,Fay,dfay4c@vk.com,Male,253.197.179.185
158,Reuben,Johnston,rjohnston4d@wikimedia.org,Male,163.187.97.208
159,Merissa,Vaszoly,mvaszoly4e@huffingtonpost.com,Agender,104.212.67.163
160,Luigi,Cestard,lcestard4f@ed.gov,Male,20.160.180.166
161,Fawn,Von Gladbach,fvongladbach4g@oracle.com,Female,106.145.18.229
162,Shandra,Heeps,sheeps4h@barnesandnoble.com,Female,155.56.54.38
163,Siward,Fritzer,sfritzer4i@cpanel.net,Male,233.127.1.51
164,Nevil,De Mars,ndemars4j@cbslocal.com,Male,41.236.91.59
165,Stirling,Whittick,swhittick4k@yelp.com,Male,76.136.242.67
166,Tatiania,Deackes,tdeackes4l@usatoday.com,Female,93.59.64.85
167,Siobhan,Schnitter,sschnitter4m@dion.ne.jp,Agender,243.91.231.37
168,Johny,Carless,jcarless4n@php.net,Male,200.92.134.22
169,Rafaela,Deeth,rdeeth4o@discovery.com,Female,120.29.191.155
170,Corrina,Peak,cpeak4p@abc.net.au,Female,176.45.215.73
171,Wynne,Dranfield,wdranfield4q@discuz.net,Female,166.90.235.179
172,Claude,Giacomasso,cgiacomasso4r@sitemeter.com,Female,143.197.160.253
173,Lyda,Band,lband4s@delicious.com,Female,26.17.229.51
174,Lanna,Matteacci,lmatteacci4t@arizona.edu,Female,58.120.89.101
175,Florenza,Jermyn,fjermyn4u@cam.ac.uk,Female,145.98.94.166
176,Kanya,Scotchford,kscotchford4v@joomla.org,Female,248.243.193.8
177,Modestine,Wein,mwein4w@dyndns.org,Female,200.28.129.71
178,Stevena,Murrock,smurrock4x@xrea.com,Female,137.21.78.64
179,Catlee,Redmain,credmain4y@aboutads.info,Female,72.224.109.33
180,Fee,Revitt,frevitt4z@com.com,Male,84.85.99.117
181,Sandy,Laxe,slaxe50@huffingtonpost.com,Female,213.41.132.88
182,Dean,Goodlip,dgoodlip51@sciencedirect.com,Male,25.222.18.14
183,Corty,Filyaev,cfilyaev52@github.com,Male,178.10.225.60
184,Elsworth,Tuffs,etuffs53@hugedomains.com,Male,47.115.75.124
185,Marja,Albin,malbin54@google.nl,Female,11.240.119.18
186,Issiah,McHugh,imchugh55@smh.com.au,Male,18.251.82.21
187,Minta,Howton,mhowton56@home.pl,Female,139.130.19.204
188,Dulcia,Cantua,dcantua57@chronoengine.com,Female,202.161.150.24
189,Leandra,Ryding,lryding58@census.gov,Female,152.30.6.174
190,Mordecai,Manchett,mmanchett59@usatoday.com,Bigender,128.248.188.56
191,Bernette,Kassidy,bkassidy5a@msu.edu,Female,170.215.241.14
192,Cyril,Stuckley,cstuckley5b@altervista.org,Male,45.64.245.95
193,Skip,Emmines,semmines5c@flickr.com,Male,231.129.118.164
194,Curry,Brockton,cbrockton5d@naver.com,Male,6.211.98.179
195,Alejandrina,Lathom,alathom5e@netlog.com,Female,198.135.150.172
196,Consalve,Lendon,clendon5f@indiegogo.com,Male,104.252.108.104
197,Kain,Barthorpe,kbarthorpe5g@dyndns.org,Male,3.64.45.202
198,Olimpia,Nicholl,onicholl5h@devhub.com,Female,70.66.170.194
199,Tonie,Ferreras,tferreras5i@cbsnews.com,Female,62.195.221.118
200,Melicent,Furphy,mfurphy5j@weather.com,Female,1.118.155.56
201,Dare,Cassely,dcassely5k@angelfire.com,Non-binary,77.139.21.100
202,Aloise,Kinneir,akinneir5l@nih.gov,Polygender,63.21.82.229
203,Odella,Norval,onorval5m@over-blog.com,Female,87.122.102.203
204,Evin,Mecco,emecco5n@statcounter.com,Male,199.10.136.227
205,Othelia,Cadogan,ocadogan5o@hc360.com,Non-binary,244.57.219.157
206,Romona,Pauling,rpauling5p@tamu.edu,Female,144.145.94.220
207,Hayward,Pizey,hpizey5q@mozilla.com,Polygender,120.181.10.34
208,Manny,Aimable,maimable5r@cmu.edu,Male,112.91.213.58
209,Florenza,Bonallick,fbonallick5s@elegantthemes.com,Female,171.152.6.225
210,Dolly,Guidoni,dguidoni5t@biblegateway.com,Female,206.51.143.147
211,Sonnie,Moreside,smoreside5u@ucla.edu,Non-binary,33.227.253.235
212,Farlee,Rustan,frustan5v@amazon.de,Male,89.153.150.143
213,Gusty,McGroarty,gmcgroarty5w@ibm.com,Female,25.102.136.200
214,Nissa,Vasiltsov,nvasiltsov5x@mysql.com,Female,116.183.122.126
215,Kit,Amburgy,kamburgy5y@jiathis.com,Male,177.88.242.251
216,Anny,Finlater,afinlater5z@theguardian.com,Female,235.225.75.46
217,Teador,Tick,ttick60@biglobe.ne.jp,Polygender,35.179.157.158
218,Fonsie,Billingsly,fbillingsly61@meetup.com,Male,221.145.208.72
219,Benny,Shoute,bshoute62@ehow.com,Male,73.249.55.175
220,Gregor,Maleney,gmaleney63@unesco.org,Male,6.230.203.211
221,Edin,Pegram,epegram64@hugedomains.com,Female,122.81.60.128
222,Neill,Cote,ncote65@google.co.jp,Genderfluid,61.81.100.223
223,Aurthur,Cowterd,acowterd66@csmonitor.com,Male,47.133.104.19
224,Levey,Moralee,lmoralee67@shop-pro.jp,Agender,63.162.18.206
225,Elyse,Consadine,econsadine68@wufoo.com,Female,122.52.2.165
226,Stormi,Coltan,scoltan69@columbia.edu,Female,195.183.49.234
227,Daphene,Muggleston,dmuggleston6a@hud.gov,Female,85.22.31.19
228,Stephenie,Thoresbie,sthoresbie6b@un.org,Agender,115.16.184.200
229,Misty,Barkhouse,mbarkhouse6c@epa.gov,Female,234.173.196.238
230,Abbye,Estoile,aestoile6d@usda.gov,Female,181.226.184.219
231,Perkin,Allmen,pallmen6e@alibaba.com,Polygender,192.158.203.108
232,Belita,Faucherand,bfaucherand6f@apache.org,Female,17.62.136.229
233,Noelle,Sawle,nsawle6g@senate.gov,Female,199.54.203.209
234,Amandi,Amberson,aamberson6h@amazon.co.uk,Non-binary,42.12.232.100
235,Emelyne,Dyte,edyte6i@sun.com,Female,74.125.187.105
236,Alwyn,Goch,agoch6j@indiegogo.com,Male,39.201.47.240
237,Garrard,Houltham,ghoultham6k@over-blog.com,Male,249.101.175.171
238,Udale,Compfort,ucompfort6l@wsj.com,Bigender,81.165.114.227
239,Brendin,Eggins,beggins6m@free.fr,Male,209.26.77.146
240,Reinwald,McQuin,rmcquin6n@amazonaws.com,Male,253.208.36.11
241,Gianna,Wakerley,gwakerley6o@pbs.org,Female,191.162.139.32
242,Giavani,Chasen,gchasen6p@bloglovin.com,Male,182.16.197.22
243,Palmer,Lead,plead6q@cbsnews.com,Male,158.220.211.159
244,Shannah,Buglar,sbuglar6r@nhs.uk,Female,73.87.192.203
245,Salaidh,Heater,sheater6s@mlb.com,Female,239.147.64.251
246,Joli,Veryan,jveryan6t@scribd.com,Female,56.143.243.172
247,Alexine,Dorian,adorian6u@upenn.edu,Female,207.223.218.6
248,Brendin,Pellant,bpellant6v@apple.com,Male,5.225.52.162
249,Auroora,Posselow,aposselow6w@facebook.com,Female,180.195.99.121
250,Elianora,Lambourne,elambourne6x@vinaora.com,Female,189.125.232.197
251,Tedda,Danzey,tdanzey6y@fda.gov,Female,220.186.189.18
252,Fonzie,Snarr,fsnarr6z@msn.com,Male,64.36.62.119
253,Aluino,Price,aprice70@fema.gov,Male,45.19.27.83
254,Kenyon,Schooling,kschooling71@technorati.com,Male,30.230.168.237
255,Sonya,Helliker,shelliker72@google.nl,Bigender,123.156.161.6
256,Clevie,Fenners,cfenners73@facebook.com,Male,140.225.18.66
257,Susette,Growcott,sgrowcott74@fotki.com,Female,253.73.118.237
258,Ephrayim,Felmingham,efelmingham75@wsj.com,Male,246.173.206.236
259,Margy,Bradmore,mbradmore76@telegraph.co.uk,Female,24.175.246.220
260,Marwin,Dowdle,mdowdle77@webnode.com,Male,35.211.150.120
261,Beverlee,Coxwell,bcoxwell78@cpanel.net,Female,149.167.223.125
262,Melinda,Petracci,mpetracci79@ca.gov,Female,245.223.73.238
263,Candie,Denisovo,cdenisovo7a@paginegialle.it,Female,59.164.228.121
264,Kaitlyn,Clew,kclew7b@skyrock.com,Non-binary,211.223.38.180
265,Kelila,Ferneley,kferneley7c@tripadvisor.com,Female,9.83.98.73
266,Earle,Brignall,ebrignall7d@miitbeian.gov.cn,Male,181.168.50.222
267,Yasmeen,Pirrie,ypirrie7e@mtv.com,Female,84.226.170.123
268,Rose,Shoulders,rshoulders7f@moonfruit.com,Female,231.128.30.152
269,Quinlan,Barrie,qbarrie7g@surveymonkey.com,Male,199.249.166.171
270,Lyon,Chillingsworth,lchillingsworth7h@gnu.org,Male,186.25.83.49
271,Dory,Drinan,ddrinan7i@booking.com,Polygender,85.96.83.72
272,Robenia,Revill,rrevill7j@jigsy.com,Female,95.147.201.162
273,Ellswerth,Loan,eloan7k@123-reg.co.uk,Male,170.38.156.116
274,Innis,Kopelman,ikopelman7l@nationalgeographic.com,Male,93.64.67.219
275,Alphonso,Wilcock,awilcock7m@samsung.com,Genderqueer,164.160.98.134
276,Hannie,Plaskett,hplaskett7n@de.vu,Female,18.167.50.46
277,Maximo,Ranald,mranald7o@elegantthemes.com,Male,107.132.44.171
278,Dionysus,Johnson,djohnson7p@washington.edu,Agender,47.142.85.111
279,Corabel,Ledur,cledur7q@xing.com,Female,5.1.100.174
280,Fay,Croll,fcroll7r@instagram.com,Female,117.172.156.165
281,Cathe,Swadden,cswadden7s@mozilla.com,Female,184.156.92.147
282,Gaspar,Ealles,gealles7t@baidu.com,Male,231.17.113.246
283,Torre,Gleasane,tgleasane7u@youku.com,Bigender,163.153.25.101
284,Dalston,Tassell,dtassell7v@whitehouse.gov,Male,202.71.63.54
285,Louisa,O'Doherty,lodoherty7w@rambler.ru,Female,167.17.96.59
286,Denys,Pocklington,dpocklington7x@ibm.com,Non-binary,75.64.67.198
287,Eryn,Lortz,elortz7y@instagram.com,Genderfluid,83.12.3.174
288,Frederich,Dedman,fdedman7z@drupal.org,Male,236.150.148.99
289,Granville,Duffree,gduffree80@hostgator.com,Male,8.20.6.90
290,Ellen,Newark,enewark81@trellian.com,Female,44.52.57.41
291,Laurent,Francesc,lfrancesc82@admin.ch,Male,39.13.181.216
292,Sid,O'Moylan,somoylan83@photobucket.com,Male,29.170.68.12
293,Myrwyn,Campbell-Dunlop,mcampbelldunlop84@1und1.de,Male,205.53.84.106
294,Ruy,Hurry,rhurry85@i2i.jp,Male,128.178.105.120
295,Quinn,Roast,qroast86@hp.com,Male,137.122.236.164
296,Craggy,Donne,cdonne87@weibo.com,Non-binary,81.95.106.206
297,Arlena,Winspire,awinspire88@nasa.gov,Female,220.145.97.132
298,Alain,Tripett,atripett89@sciencedirect.com,Male,114.26.61.7
299,Goober,McIsaac,gmcisaac8a@studiopress.com,Male,220.188.201.9
300,Garik,Morrall,gmorrall8b@alibaba.com,Male,197.130.139.76
301,Trip,Brugden,tbrugden8c@i2i.jp,Male,46.49.246.53
302,Lamond,Folkard,lfolkard8d@vimeo.com,Male,140.51.166.124
303,Audrie,Golley,agolley8e@cisco.com,Female,233.251.202.123
304,Nerita,Conachy,nconachy8f@disqus.com,Female,10.139.46.123
305,Krissie,Comport,kcomport8g@arizona.edu,Female,122.157.230.91
306,Eugine,Skelton,eskelton8h@noaa.gov,Female,188.23.17.100
307,Evania,Skerratt,eskerratt8i@examiner.com,Female,108.46.168.70
308,Mathilde,Dominique,mdominique8j@reuters.com,Female,208.71.99.95
309,Cordi,Kelle,ckelle8k@barnesandnoble.com,Female,190.2.4.161
310,Blaire,Bendel,bbendel8l@marketwatch.com,Female,20.152.87.108
311,Zak,Iamittii,ziamittii8m@ycombinator.com,Polygender,201.13.64.182
312,Kissiah,Mattsson,kmattsson8n@wunderground.com,Female,8.161.190.92
313,Darby,Hartley,dhartley8o@surveymonkey.com,Female,79.156.228.7
314,Skip,Minnette,sminnette8p@nps.gov,Male,9.150.182.31
315,Kerrin,O'Codihie,kocodihie8q@plala.or.jp,Female,49.23.35.137
316,Marylou,Ovenell,movenell8r@dot.gov,Female,63.108.28.251
317,Bren,Lagde,blagde8s@accuweather.com,Female,239.55.162.222
318,Ivy,Renyard,irenyard8t@bloglovin.com,Female,168.248.26.82
319,King,Jachimiak,kjachimiak8u@feedburner.com,Male,209.33.149.1
320,Artur,Noice,anoice8v@forbes.com,Male,78.164.117.2
321,Raffarty,Hotton,rhotton8w@imageshack.us,Male,231.9.189.91
322,Forest,Bertie,fbertie8x@google.cn,Male,23.39.192.158
323,Orel,McGaughay,omcgaughay8y@bbb.org,Bigender,78.60.117.48
324,Alwin,Yansons,ayansons8z@wordpress.org,Male,71.53.116.57
325,Rowland,Ivanishev,rivanishev90@mit.edu,Male,14.173.243.107
326,Arlie,Ellwell,aellwell91@dailymotion.com,Female,143.250.146.177
327,Early,Braunes,ebraunes92@google.com.hk,Male,56.120.8.19
328,Byram,Illiston,billiston93@artisteer.com,Male,128.96.2.89
329,Rand,Pammenter,rpammenter94@yolasite.com,Male,17.96.84.125
330,Jorge,Shah,jshah95@chicagotribune.com,Male,192.50.153.192
331,Nara,Hubbard,nhubbard96@uiuc.edu,Female,143.208.46.149
332,Hermine,Casterot,hcasterot97@dion.ne.jp,Female,252.35.253.25
333,Rabbi,Lawland,rlawland98@issuu.com,Male,192.210.60.131
334,Dorri,Rodliff,drodliff99@about.me,Polygender,90.156.204.90
335,Mercy,Inchley,minchley9a@marriott.com,Female,56.212.201.252
336,Keene,Alderwick,kalderwick9b@pagesperso-orange.fr,Male,204.248.157.43
337,Arman,Iglesiaz,aiglesiaz9c@shinystat.com,Male,79.100.11.228
338,Welbie,Ruprechter,wruprechter9d@bizjournals.com,Genderqueer,97.103.60.151
339,Karla,Cleator,kcleator9e@fotki.com,Female,19.121.138.175
340,Bear,Landman,blandman9f@arstechnica.com,Genderqueer,173.62.130.39
341,Jeannine,Verty,jverty9g@webnode.com,Female,234.43.231.114
342,Nevin,Crotty,ncrotty9h@hubpages.com,Male,173.92.186.54
343,Anneliese,Karpushkin,akarpushkin9i@prnewswire.com,Female,229.189.188.56
344,Frankie,Newbigging,fnewbigging9j@un.org,Female,45.74.20.116
345,Gage,Badwick,gbadwick9k@webs.com,Male,156.129.142.243
346,Jaymie,Signe,jsigne9l@mediafire.com,Male,250.139.193.6
347,Clyde,Colegrove,ccolegrove9m@unblog.fr,Male,211.112.223.127
348,Marsiella,Uzzell,muzzell9n@wp.com,Female,185.3.190.255
349,Kyle,Babington,kbabington9o@wiley.com,Female,168.93.3.176
350,Justen,Frodsam,jfrodsam9p@nifty.com,Male,211.189.137.155
351,Jerry,Ornells,jornells9q@cyberchimps.com,Male,245.68.13.246
352,Ricky,Wellum,rwellum9r@devhub.com,Male,55.110.110.250
353,Ivy,Hewkin,ihewkin9s@soundcloud.com,Female,70.192.66.85
354,Kirstyn,Bouchier,kbouchier9t@cpanel.net,Female,9.83.27.182
355,Keir,Elliss,kelliss9u@boston.com,Male,37.63.148.207
356,Cletus,Richin,crichin9v@usatoday.com,Male,42.135.211.93
357,Orv,Darell,odarell9w@un.org,Male,97.104.91.139
358,Trula,Buxcey,tbuxcey9x@plala.or.jp,Female,62.131.62.14
359,Jocelyn,McKevin,jmckevin9y@list-manage.com,Female,39.25.188.89
360,Ashlie,Waliszewski,awaliszewski9z@si.edu,Female,215.88.190.51
361,Shermy,Spohr,sspohra0@psu.edu,Male,208.228.241.254
362,Olivia,Skillman,oskillmana1@gnu.org,Female,128.55.213.68
363,Leshia,Purselowe,lpurselowea2@cocolog-nifty.com,Female,138.55.74.189
364,Abigale,Caddan,acaddana3@berkeley.edu,Female,48.192.237.9
365,Rabbi,Heenan,rheenana4@creativecommons.org,Male,57.53.126.156
366,Cleon,Gardner,cgardnera5@google.nl,Male,169.203.126.25
367,Chuck,Killingsworth,ckillingswortha6@ucoz.ru,Male,90.69.167.151
368,Renata,Scholtz,rscholtza7@usnews.com,Female,255.165.230.121
369,Raddy,Clucas,rclucasa8@usgs.gov,Male,240.3.179.78
370,Averell,Ickeringill,aickeringilla9@prnewswire.com,Male,77.124.91.8
371,Ervin,Eddoes,eeddoesaa@t-online.de,Agender,204.173.250.56
372,Filberto,McPhelim,fmcphelimab@sphinn.com,Male,156.20.239.239
373,Orsola,Bang,obangac@cdc.gov,Female,64.244.126.9
374,Carole,Hallows,challowsad@issuu.com,Female,204.3.100.123
375,Etti,Hammarberg,ehammarbergae@ihg.com,Female,177.72.132.122
376,Katharine,Filtness,kfiltnessaf@homestead.com,Female,163.38.163.94
377,Lucille,Chasmor,lchasmorag@usda.gov,Female,195.115.78.125
378,Denys,de Vaen,ddevaenah@engadget.com,Female,200.47.88.163
379,Vassili,Cherry,vcherryai@bbb.org,Male,230.100.43.1
380,Goober,Brute,gbruteaj@aboutads.info,Male,85.228.160.254
381,Georgianne,Langmaid,glangmaidak@guardian.co.uk,Female,188.81.6.209
382,Klemens,Hanning,khanningal@facebook.com,Male,94.236.210.105
383,Mort,Embery,memberyam@sina.com.cn,Male,227.100.241.191
384,Eberhard,Wiggett,ewiggettan@blogger.com,Male,253.21.59.218
385,Tiphani,Spittle,tspittleao@shareasale.com,Female,132.177.213.21
386,Susanetta,Sivewright,ssivewrightap@wiley.com,Female,242.58.184.236
387,Gabi,Haruard,gharuardaq@devhub.com,Bigender,171.67.82.60
388,Desiree,Schwandt,dschwandtar@bing.com,Female,74.214.212.33
389,Averill,Haly,ahalyas@chron.com,Male,114.182.11.164
390,Coretta,Blaber,cblaberat@sbwire.com,Female,247.143.71.234
391,Dotty,Libero,dliberoau@desdev.cn,Female,54.252.212.172
392,Bee,Burril,bburrilav@go.com,Female,250.77.104.199
393,Nerissa,Muffitt,nmuffittaw@youtube.com,Female,181.123.186.250
394,Eddie,Frake,efrakeax@squarespace.com,Male,157.158.102.109
395,Deeann,Savary,dsavaryay@exblog.jp,Female,64.107.27.38
396,Manny,Audrey,maudreyaz@shareasale.com,Male,37.220.89.111
397,Thomas,Buske,tbuskeb0@mail.ru,Male,122.145.80.114
398,Garrott,Figger,gfiggerb1@theatlantic.com,Non-binary,2.194.141.107
399,Konstanze,Norton,knortonb2@state.tx.us,Female,155.26.80.29
400,Mahalia,James,mjamesb3@sogou.com,Female,37.137.222.148
401,Flory,Sharvell,fsharvellb4@prweb.com,Male,67.176.77.214
402,Remus,Trembey,rtrembeyb5@youku.com,Male,61.23.174.140
403,Jackie,Kilkenny,jkilkennyb6@imageshack.us,Male,177.183.134.48
404,Neilla,Sharnock,nsharnockb7@ucsd.edu,Female,67.240.249.177
405,Courtenay,Chalke,cchalkeb8@cbc.ca,Female,70.35.191.143
406,Clarissa,Edgler,cedglerb9@instagram.com,Female,56.2.250.13
407,Alistair,Burdis,aburdisba@spiegel.de,Male,101.60.194.212
408,Dyanne,Aldiss,daldissbb@icq.com,Female,183.130.68.142
409,Tiler,Bonicelli,tbonicellibc@china.com.cn,Male,129.76.120.255
410,Lowrance,Brattell,lbrattellbd@mashable.com,Male,112.156.181.191
411,Keely,Norcliff,knorcliffbe@typepad.com,Genderqueer,216.207.50.229
412,Ulrika,Abells,uabellsbf@163.com,Female,59.205.250.36
413,Archie,Rolf,arolfbg@surveymonkey.com,Male,113.157.64.98
414,Mariel,Fox,mfoxbh@microsoft.com,Female,7.209.30.163
415,Rossy,Bene,rbenebi@boston.com,Male,95.140.123.149
416,Gunter,Somerton,gsomertonbj@businessweek.com,Male,163.117.147.118
417,Jimmy,Scurman,jscurmanbk@tripod.com,Male,87.72.159.53
418,Letty,McLeish,lmcleishbl@squidoo.com,Female,140.123.105.242
419,Olimpia,Shouler,oshoulerbm@over-blog.com,Female,72.48.234.140
420,Avery,Chantree,achantreebn@google.ru,Male,166.171.231.109
421,Salvatore,Ivanyushin,sivanyushinbo@sourceforge.net,Male,63.11.130.127
422,Madlin,Sidden,msiddenbp@deviantart.com,Female,33.166.187.55
423,Marcia,Theodore,mtheodorebq@upenn.edu,Female,234.227.73.238
424,Jemmie,Gannan,jgannanbr@telegraph.co.uk,Agender,45.10.14.110
425,Salem,Crowne,scrownebs@163.com,Male,88.222.192.182
426,Sam,Cruse,scrusebt@zdnet.com,Male,88.167.56.168
427,Anthia,Geleman,agelemanbu@cocolog-nifty.com,Female,78.167.145.32
428,Shea,Cox,scoxbv@dailymotion.com,Male,63.121.73.119
429,Dierdre,Prendergrast,dprendergrastbw@ed.gov,Female,251.114.166.81
430,Micaela,McIntosh,mmcintoshbx@elegantthemes.com,Female,122.78.180.65
431,Timmie,Sieve,tsieveby@cloudflare.com,Female,181.127.148.161
432,Jeremie,Couch,jcouchbz@friendfeed.com,Male,7.248.166.164
433,Tynan,Mallows,tmallowsc0@plala.or.jp,Genderfluid,202.162.98.248
434,Gert,Feehily,gfeehilyc1@cnn.com,Female,163.191.52.4
435,Herbert,Pountney,hpountneyc2@admin.ch,Male,112.145.162.53
436,Nani,Methley,nmethleyc3@angelfire.com,Female,35.181.58.90
437,Letisha,Harrisson,lharrissonc4@creativecommons.org,Female,236.109.110.18
438,Camel,Braiden,cbraidenc5@si.edu,Female,46.110.104.208
439,Scottie,Haythornthwaite,shaythornthwaitec6@hibu.com,Male,143.14.193.13
440,Jayne,Coldbreath,jcoldbreathc7@blog.com,Female,255.9.77.177
441,Willie,Hail,whailc8@archive.org,Male,66.74.146.148
442,Andrus,Lappine,alappinec9@aboutads.info,Male,222.220.118.211
443,Ced,Mix,cmixca@deviantart.com,Male,152.247.165.224
444,Mellie,Tonna,mtonnacb@businesswire.com,Female,171.126.75.46
445,Pamella,Matchitt,pmatchittcc@omniture.com,Female,23.129.16.137
446,Orland,Very,overycd@theatlantic.com,Male,86.64.4.79
447,Chere,Einchcombe,ceinchcombece@whitehouse.gov,Female,54.101.49.194
448,Murdoch,Hurt,mhurtcf@hao123.com,Male,191.134.227.141
449,Bambie,Sorsbie,bsorsbiecg@ebay.co.uk,Female,108.167.35.153
450,Thomasina,Ginnaly,tginnalych@lycos.com,Genderfluid,203.159.10.188
451,Florence,Hammerstone,fhammerstoneci@topsy.com,Female,166.87.178.123
452,Reagen,Benez,rbenezcj@wikimedia.org,Male,135.174.170.254
453,Svend,Conibeer,sconibeerck@globo.com,Male,201.80.165.122
454,Lianne,Renvoise,lrenvoisecl@ucla.edu,Female,180.136.69.6
455,Lisbeth,Grimble,lgrimblecm@fotki.com,Female,27.145.137.94
456,Wells,Vince,wvincecn@shinystat.com,Agender,236.226.251.226
457,Lalo,Hewertson,lhewertsonco@alibaba.com,Non-binary,113.151.126.230
458,Alanna,Gerriet,agerrietcp@mediafire.com,Female,72.118.194.234
459,Marcelle,Sanchez,msanchezcq@princeton.edu,Female,221.150.20.146
460,Haslett,Hosten,hhostencr@foxnews.com,Male,103.191.126.80
461,Temple,Volett,tvolettcs@forbes.com,Male,72.127.174.18
462,Tara,Perring,tperringct@soup.io,Female,76.184.243.53
463,Valene,Heugle,vheuglecu@printfriendly.com,Female,252.253.144.33
464,Alli,Howman,ahowmancv@sohu.com,Female,142.57.187.164
465,Hall,Di Dello,hdidellocw@vkontakte.ru,Male,58.229.229.232
466,Bernice,Small,bsmallcx@alibaba.com,Female,80.221.149.126
467,Aube,Proswell,aproswellcy@imageshack.us,Male,139.154.89.85
468,Laurene,Feveryear,lfeveryearcz@cdc.gov,Female,128.78.21.99
469,Daphne,Danielsson,ddanielssond0@techcrunch.com,Female,48.17.200.29
470,Wanda,Huckle,whuckled1@rediff.com,Female,245.230.48.211
471,Nollie,Goucher,ngoucherd2@eventbrite.com,Male,168.139.157.202
472,Lenore,Le Floch,lleflochd3@cam.ac.uk,Female,81.213.225.185
473,Roddy,Louca,rloucad4@oakley.com,Male,191.106.191.233
474,Elie,De Hooch,edehoochd5@jigsy.com,Female,151.167.20.207
475,Gabriel,Bartoszewicz,gbartoszewiczd6@admin.ch,Female,140.248.122.88
476,Tracy,Goncalo,tgoncalod7@gizmodo.com,Male,181.171.242.13
477,Domingo,Minnette,dminnetted8@tmall.com,Male,61.205.144.32
478,Torrey,Kanwell,tkanwelld9@springer.com,Genderfluid,149.249.140.60
479,Shaine,Larne,slarneda@dmoz.org,Male,64.32.224.136
480,Ambrosius,Worts,awortsdb@blogs.com,Male,221.6.249.173
481,Oneida,Shinton,oshintondc@economist.com,Female,25.232.180.191
482,Cynthea,Schenfisch,cschenfischdd@addthis.com,Female,78.201.169.29
483,Artemas,Cescot,acescotde@paginegialle.it,Male,86.229.137.50
484,Yolanda,Purdie,ypurdiedf@jiathis.com,Female,191.100.65.188
485,Catherina,Butteris,cbutterisdg@cbsnews.com,Female,192.151.82.107
486,Bryana,Dudley,bdudleydh@pbs.org,Female,223.143.251.107
487,Wyatt,Tomlett,wtomlettdi@wikia.com,Male,69.251.102.240
488,Dell,Beakes,dbeakesdj@macromedia.com,Female,94.112.65.151
489,Jaime,Earingey,jearingeydk@xing.com,Male,155.115.185.145
490,Rozanne,Enever,reneverdl@uol.com.br,Female,87.208.18.192
491,Patrizia,Cloutt,pclouttdm@behance.net,Female,96.232.80.33
492,Talyah,Trillow,ttrillowdn@bbc.co.uk,Female,109.139.110.105
493,Pamelina,Lammie,plammiedo@goo.ne.jp,Female,235.164.8.191
494,Karmen,Senter,ksenterdp@wunderground.com,Female,193.158.186.4
495,Odelinda,McIleen,omcileendq@flickr.com,Female,88.93.19.56
496,Borden,Wilmot,bwilmotdr@reddit.com,Male,201.146.106.37
497,Olympe,Allday,oalldayds@people.com.cn,Female,184.47.221.172
498,Barry,Pittson,bpittsondt@oaic.gov.au,Female,8.108.158.180
499,Tadeas,Fonte,tfontedu@economist.com,Polygender,226.89.160.5
500,Deedee,Barraclough,dbarracloughdv@europa.eu,Female,148.201.244.236
501,Nicolina,Danbye,ndanbyedw@hugedomains.com,Genderqueer,21.129.101.105
502,Rikki,Sigge,rsiggedx@wikispaces.com,Male,121.167.57.29
503,Verile,Grovier,vgrovierdy@ning.com,Female,81.179.199.83
504,Tymothy,Loudiane,tloudianedz@java.com,Male,88.127.94.15
505,Washington,Root,wroote0@shop-pro.jp,Male,30.184.178.133
506,Ravid,Mattea,rmatteae1@paginegialle.it,Male,201.248.38.152
507,Johnath,Webbe,jwebbee2@acquirethisname.com,Female,98.209.230.193
508,Ruby,Mowles,rmowlese3@soup.io,Male,172.50.159.97
509,Davine,Kembrey,dkembreye4@nifty.com,Female,180.49.248.150
510,Arabel,Eldridge,aeldridgee5@microsoft.com,Female,249.16.132.198
511,Jeramie,Axcell,jaxcelle6@ft.com,Male,74.79.140.38
512,Alix,Rassmann,arassmanne7@networksolutions.com,Male,188.237.53.88
513,Duff,Becks,dbeckse8@nature.com,Male,92.89.129.68
514,Hilario,Krzyzanowski,hkrzyzanowskie9@cargocollective.com,Male,224.97.105.165
515,Winfred,Larciere,wlarciereea@cnet.com,Male,35.36.54.2
516,Correy,Ringrose,cringroseeb@samsung.com,Male,178.156.72.68
517,Cyrille,Guilliland,cguillilandec@opensource.org,Male,33.166.223.179
518,Bing,Preble,bprebleed@state.tx.us,Male,122.254.156.23
519,Meagan,Allsebrook,mallsebrookee@qq.com,Female,73.188.90.127
520,Araldo,Grichukhin,agrichukhinef@example.com,Male,81.208.17.157
521,Larry,Barosch,lbaroscheg@jalbum.net,Male,182.93.223.70
522,Olag,Goldine,ogoldineeh@w3.org,Male,187.189.145.32
523,Mylo,McCard,mmccardei@moonfruit.com,Male,224.191.202.130
524,Dominic,Skellon,dskellonej@ocn.ne.jp,Male,161.182.204.71
525,Fifi,Bartolozzi,fbartolozziek@behance.net,Female,249.142.35.160
526,Leola,Alexandersen,lalexandersenel@about.com,Female,168.30.158.239
527,Shanon,Ellins,sellinsem@i2i.jp,Female,73.152.220.36
528,Raquela,McFaul,rmcfaulen@altervista.org,Female,227.215.18.181
529,Manuel,Kwietek,mkwietekeo@discuz.net,Bigender,70.161.178.43
530,Rosmunda,Paschek,rpaschekep@skyrock.com,Female,145.114.79.11
531,Abbott,Selley,aselleyeq@uiuc.edu,Genderqueer,103.225.140.19
532,Domingo,Hutchence,dhutchenceer@ca.gov,Male,151.109.78.246
533,Ezekiel,Luebbert,eluebbertes@toplist.cz,Male,83.223.125.53
534,Kissie,Iorizzo,kiorizzoet@example.com,Female,155.243.129.208
535,Danette,Ahmad,dahmadeu@rediff.com,Female,72.251.137.168
536,Heriberto,Harpham,hharphamev@nifty.com,Male,211.112.134.30
537,Chelsey,Ransome,cransomeew@issuu.com,Female,169.72.192.177
538,Meara,Alpine,malpineex@imgur.com,Female,230.126.50.150
539,Adey,Hindmoor,ahindmoorey@istockphoto.com,Female,132.45.245.101
540,Kimmy,Christian,kchristianez@goo.gl,Female,116.62.104.93
541,Waly,Pattesall,wpattesallf0@google.co.jp,Female,153.144.32.201
542,Dar,Bowdrey,dbowdreyf1@xinhuanet.com,Male,239.159.136.134
543,Kathye,Wigfall,kwigfallf2@nps.gov,Female,229.214.252.234
544,Dominick,Stede,dstedef3@cbsnews.com,Male,191.107.160.242
545,Alaine,Tipperton,atippertonf4@ucsd.edu,Female,236.170.159.124
546,Tracey,Tremblay,ttremblayf5@so-net.ne.jp,Male,245.46.0.172
547,Conrado,Mingard,cmingardf6@japanpost.jp,Male,161.157.17.10
548,Rayshell,Croci,rcrocif7@netscape.com,Agender,215.172.151.173
549,Mada,Sams,msamsf8@smh.com.au,Female,105.255.216.96
550,Cyrus,Oehme,coehmef9@hao123.com,Male,80.56.227.80
551,Rosette,Shilliday,rshillidayfa@studiopress.com,Female,7.19.182.245
552,Nap,Mathieson,nmathiesonfb@elegantthemes.com,Male,107.216.161.118
553,Torie,Lippitt,tlippittfc@qq.com,Female,2.179.63.194
554,Andie,Adess,aadessfd@sourceforge.net,Female,98.250.118.23
555,Yetty,O'Dunneen,yodunneenfe@unesco.org,Female,116.176.110.54
556,Opalina,World,oworldff@shareasale.com,Female,210.49.152.193
557,Issy,Dullingham,idullinghamfg@youku.com,Female,160.38.230.27
558,Sibyl,Thomassin,sthomassinfh@plala.or.jp,Female,108.44.62.55
559,Naoma,Briggs,nbriggsfi@deliciousdays.com,Genderqueer,154.129.36.5
560,Jeanne,Flowerdew,jflowerdewfj@msu.edu,Female,170.209.45.213
561,Freedman,Aisman,faismanfk@berkeley.edu,Male,164.245.78.105
562,Betta,Castletine,bcastletinefl@godaddy.com,Female,96.69.254.27
563,Rancell,Wisham,rwishamfm@sitemeter.com,Male,217.237.51.254
564,Darryl,Broxholme,dbroxholmefn@census.gov,Male,205.245.235.39
565,Yuma,Guisler,yguislerfo@tiny.cc,Male,14.144.141.66
566,Culver,Dunstone,cdunstonefp@dyndns.org,Male,100.172.254.137
567,Priscella,Cocozza,pcocozzafq@shinystat.com,Female,236.146.255.42
568,Conney,Cardis,ccardisfr@japanpost.jp,Male,185.61.180.247
569,Karoly,Rowberry,krowberryfs@go.com,Male,70.187.166.125
570,Bab,McColm,bmccolmft@tripod.com,Female,33.0.33.0
571,Clemmie,Huonic,chuonicfu@prweb.com,Bigender,172.187.229.26
572,Ahmad,Davitt,adavittfv@example.com,Male,84.5.120.3
573,Felizio,Vesty,fvestyfw@fastcompany.com,Male,106.224.31.193
574,Ferdie,Anespie,fanespiefx@tiny.cc,Male,222.161.196.71
575,Mercy,Muckle,mmucklefy@cargocollective.com,Female,60.6.186.121
576,Lee,Heaford,lheafordfz@geocities.jp,Female,70.73.139.225
577,Marice,Clow,mclowg0@nbcnews.com,Female,18.80.7.170
578,Devin,Fri,dfrig1@columbia.edu,Female,114.38.76.210
579,Bern,Colerick,bcolerickg2@unicef.org,Male,254.225.31.45
580,Rourke,Foxon,rfoxong3@nasa.gov,Male,129.255.182.250
581,Christine,Mazillius,cmazilliusg4@bloglines.com,Female,103.102.154.194
582,Raynor,Yearron,ryearrong5@cbsnews.com,Male,60.148.119.220
583,Abby,Paulich,apaulichg6@cdbaby.com,Male,92.228.227.128
584,Ellwood,Rodenburg,erodenburgg7@gov.uk,Male,194.70.67.1
585,Skylar,Byas,sbyasg8@yahoo.com,Male,242.155.143.75
586,Alisha,Outright,aoutrightg9@mozilla.com,Female,171.30.225.34
587,Chicky,Renwick,crenwickga@liveinternet.ru,Male,190.158.112.38
588,Vergil,Gorwood,vgorwoodgb@cafepress.com,Male,161.145.9.141
589,Norene,Atter,nattergc@wunderground.com,Female,212.140.115.51
590,Savina,Arington,saringtongd@posterous.com,Agender,99.214.220.130
591,Dennie,Nealand,dnealandge@a8.net,Female,122.136.4.106
592,Giselbert,Tomini,gtominigf@nyu.edu,Male,141.186.37.226
593,Brockie,Gillbe,bgillbegg@wordpress.com,Male,234.113.208.40
594,Winna,Vicioso,wviciosogh@go.com,Agender,183.174.61.190
595,Flore,Passfield,fpassfieldgi@icio.us,Female,189.113.193.2
596,Frederich,Edridge,fedridgegj@joomla.org,Male,91.23.253.15
597,Gilbertine,Dowdell,gdowdellgk@samsung.com,Polygender,25.123.39.115
598,Mick,Vennings,mvenningsgl@nasa.gov,Male,102.186.148.174
599,Gerianna,Kenford,gkenfordgm@digg.com,Female,29.167.145.248
600,Isadora,Gullivent,igulliventgn@ifeng.com,Female,143.101.143.59
601,Jany,Shovelin,jshovelingo@sbwire.com,Female,137.4.164.11
602,Valina,O'Carmody,vocarmodygp@hibu.com,Female,10.66.212.241
603,Caryn,Downie,cdowniegq@cdc.gov,Female,224.173.145.75
604,Ynez,Trout,ytroutgr@surveymonkey.com,Female,15.248.184.121
605,Clarinda,Bigly,cbiglygs@noaa.gov,Genderfluid,57.160.41.174
606,Raimundo,Van den Broek,rvandenbroekgt@arstechnica.com,Non-binary,63.225.88.210
607,Dorolice,Milleton,dmilletongu@google.ca,Female,169.249.136.19
608,Kerianne,Dransfield,kdransfieldgv@reverbnation.com,Female,202.129.207.23
609,Haley,Messent,hmessentgw@aboutads.info,Female,158.86.181.50
610,Kiah,Fuidge,kfuidgegx@ebay.com,Female,37.47.108.127
611,Cymbre,Barney,cbarneygy@dailymotion.com,Female,5.250.95.196
612,Bartlet,Wych,bwychgz@archive.org,Male,88.114.56.62
613,Bastien,Willingam,bwillingamh0@dailymotion.com,Male,72.79.200.74
614,Gennifer,Baack,gbaackh1@unesco.org,Non-binary,236.222.190.230
615,Reynold,Ridwood,rridwoodh2@miibeian.gov.cn,Male,142.5.71.132
616,Bogey,Taylour,btaylourh3@admin.ch,Male,130.254.100.27
617,Henri,Tappin,htappinh4@jugem.jp,Male,123.100.49.40
618,Smith,Ambler,samblerh5@themeforest.net,Male,55.95.209.96
619,Raoul,Eble,rebleh6@marketwatch.com,Male,209.31.253.155
620,Hector,Bottoner,hbottonerh7@adobe.com,Male,150.107.108.26
621,Dido,Storry,dstorryh8@last.fm,Female,177.48.58.197
622,Lynnett,Goodanew,lgoodanewh9@miibeian.gov.cn,Female,200.150.176.9
623,Francesca,Lewsam,flewsamha@bloomberg.com,Female,20.132.170.106
624,Nicolea,Mully,nmullyhb@hud.gov,Female,190.168.181.123
625,Heywood,Melmore,hmelmorehc@canalblog.com,Genderqueer,0.195.208.215
626,Lainey,Syphas,lsyphashd@usnews.com,Female,222.119.212.159
627,Veronique,Cheshir,vcheshirhe@trellian.com,Female,184.89.246.86
628,Bogey,Yarmouth,byarmouthhf@patch.com,Male,107.255.76.66
629,Lilllie,Ludy,lludyhg@wikipedia.org,Female,33.173.170.113
630,Audrie,Antcliffe,aantcliffehh@miibeian.gov.cn,Female,38.149.95.110
631,Rene,Gajownik,rgajownikhi@dyndns.org,Male,85.158.81.176
632,Kerr,Busen,kbusenhj@homestead.com,Male,224.73.254.89
633,Sibyl,Batchelder,sbatchelderhk@bing.com,Male,161.137.240.195
634,Wyn,Bowick,wbowickhl@meetup.com,Male,34.253.39.104
635,Cyrill,Harker,charkerhm@hibu.com,Male,227.217.127.143
636,Cher,Townend,ctownendhn@netlog.com,Female,89.180.155.193
637,Sindee,McGow,smcgowho@ucoz.ru,Female,80.162.19.35
638,Kyle,Brambley,kbrambleyhp@symantec.com,Male,1.56.55.253
639,Faina,Hove,fhovehq@europa.eu,Female,7.197.189.51
640,Betteanne,Devenish,bdevenishhr@indiatimes.com,Female,93.6.180.147
641,Dianne,Bascombe,dbascombehs@dot.gov,Female,158.119.90.95
642,Saundra,Yeaman,syeamanht@bluehost.com,Female,180.148.218.230
643,Beckie,Stegers,bstegershu@desdev.cn,Female,54.1.180.62
644,Yehudi,Balsillie,ybalsilliehv@apple.com,Male,223.23.48.13
645,Skipper,Burchess,sburchesshw@narod.ru,Male,32.122.5.145
646,Katlin,Erratt,kerratthx@cdbaby.com,Female,71.191.239.26
647,Donny,Archibald,darchibaldhy@seesaa.net,Female,190.127.45.172
648,Randy,Heller,rhellerhz@google.fr,Male,26.209.63.31
649,Tallulah,Alleway,tallewayi0@craigslist.org,Female,170.66.55.200
650,Randy,Schuelcke,rschuelckei1@gizmodo.com,Male,167.107.205.233
651,Miof mela,Thombleson,mthomblesoni2@sourceforge.net,Female,238.83.70.109
652,Hodge,Stalley,hstalleyi3@prweb.com,Male,194.187.140.235
653,Brandon,Phare,bpharei4@youtube.com,Male,85.166.180.155
654,Genny,Blitzer,gblitzeri5@reddit.com,Female,54.218.168.101
655,Harmonia,Anwell,hanwelli6@dyndns.org,Female,234.85.141.236
656,Venus,Grebner,vgrebneri7@seesaa.net,Female,239.171.176.155
657,Ana,Buey,abueyi8@reddit.com,Female,138.45.139.236
658,Fraser,Fust,ffusti9@cmu.edu,Male,133.148.183.43
659,Cully,Thayre,cthayreia@dailymail.co.uk,Male,248.61.115.191
660,Courtnay,Crix,ccrixib@mac.com,Male,115.245.51.125
661,Vladamir,Howley,vhowleyic@opera.com,Male,163.54.98.77
662,Dido,Headly,dheadlyid@ustream.tv,Female,138.106.49.192
663,Sheilakathryn,Hick,shickie@google.es,Female,102.90.205.200
664,Minny,Toppin,mtoppinif@wufoo.com,Female,238.189.191.92
665,Lucia,Havelin,lhavelinig@t.co,Female,188.149.181.133
666,Kaylee,Leverton,klevertonih@china.com.cn,Female,85.105.75.102
667,Flem,Currum,fcurrumii@mail.ru,Male,34.104.57.10
668,Innis,Abrahamsson,iabrahamssonij@blog.com,Male,238.32.70.107
669,Robinet,Coggen,rcoggenik@washingtonpost.com,Male,179.253.4.57
670,Odie,Ottley,oottleyil@sina.com.cn,Male,66.15.245.206
671,Udell,McGarvie,umcgarvieim@studiopress.com,Male,87.147.118.124
672,Cristal,Rodson,crodsonin@topsy.com,Female,145.182.154.11
673,Torin,Edge,tedgeio@telegraph.co.uk,Male,81.226.222.223
674,Jere,Mazella,jmazellaip@free.fr,Male,190.215.181.120
675,Madel,Colbridge,mcolbridgeiq@wunderground.com,Female,90.199.118.12
676,Petunia,Moxson,pmoxsonir@mozilla.org,Female,191.139.108.136
677,Ezechiel,Rawdall,erawdallis@wired.com,Genderqueer,226.28.186.115
678,Stefania,Goodman,sgoodmanit@google.cn,Female,91.2.199.73
679,Salim,Benwell,sbenwelliu@google.de,Male,25.84.154.61
680,Clevey,MacAdam,cmacadamiv@artisteer.com,Male,237.24.144.174
681,Trista,Stratten,tstratteniw@answers.com,Female,49.218.227.111
682,Marshall,Trunby,mtrunbyix@blogger.com,Male,166.60.15.41
683,Umberto,Prior,uprioriy@bbc.co.uk,Male,65.189.6.77
684,Philippa,Gover,pgoveriz@flavors.me,Female,219.230.20.28
685,Talya,Larkin,tlarkinj0@4shared.com,Female,114.214.161.241
686,Virgie,Watters,vwattersj1@yandex.ru,Female,8.140.153.137
687,Floria,Orrick,forrickj2@washington.edu,Female,84.31.216.160
688,Mahalia,Geard,mgeardj3@ezinearticles.com,Female,218.131.128.30
689,Arlin,Kiddey,akiddeyj4@businessweek.com,Agender,78.22.198.249
690,Elnore,McGaffey,emcgaffeyj5@unc.edu,Female,41.15.107.176
691,Germain,Bletsoe,gbletsoej6@hp.com,Female,125.113.236.190
692,Giorgi,Manvell,gmanvellj7@hugedomains.com,Male,120.147.3.209
693,Lelia,Lightbourne,llightbournej8@google.ru,Agender,110.203.137.128
694,Vasily,Keijser,vkeijserj9@icq.com,Male,36.181.241.42
695,Binky,Connerry,bconnerryja@ycombinator.com,Male,242.216.66.182
696,Irvin,Raisher,iraisherjb@toplist.cz,Male,249.92.102.223
697,Jephthah,Tancock,jtancockjc@yale.edu,Male,234.81.8.161
698,Corey,Cheston,cchestonjd@mapquest.com,Male,218.24.188.62
699,Vanda,O' Gara,vogaraje@list-manage.com,Female,166.151.33.230
700,Darin,Getcliff,dgetcliffjf@bloglovin.com,Male,91.240.80.146
701,Rosita,Critoph,rcritophjg@eepurl.com,Female,10.7.42.161
702,Rudyard,Bruntje,rbruntjejh@addtoany.com,Male,155.11.218.109
703,Duffy,Lorant,dlorantji@auda.org.au,Male,200.14.113.210
704,Bryn,Hubery,bhuberyjj@nih.gov,Male,173.189.45.145
705,Rabi,Berget,rbergetjk@shinystat.com,Male,143.131.142.226
706,Jojo,Beverley,jbeverleyjl@springer.com,Female,36.38.47.183
707,Moselle,Bowdery,mbowderyjm@nhs.uk,Female,180.160.152.207
708,Earvin,Stallen,estallenjn@123-reg.co.uk,Male,170.207.21.106
709,Gabriela,Baison,gbaisonjo@toplist.cz,Female,80.17.74.42
710,Joey,Screeton,jscreetonjp@flavors.me,Female,76.253.135.192
711,Guillema,Cotillard,gcotillardjq@amazon.com,Female,99.126.22.3
712,Brandea,Brendeke,bbrendekejr@booking.com,Female,72.151.246.200
713,Halli,Sorrel,hsorreljs@ucla.edu,Female,51.224.81.237
714,Ileana,Bidewel,ibideweljt@imageshack.us,Female,4.213.7.109
715,Cale,Culmer,cculmerju@blinklist.com,Male,146.254.122.209
716,Val,Yeude,vyeudejv@purevolume.com,Male,63.199.99.206
717,Shelby,Kennford,skennfordjw@reuters.com,Male,46.45.193.251
718,Harvey,Midlar,hmidlarjx@about.me,Male,244.154.58.57
719,Foster,Monroe,fmonroejy@amazon.com,Male,24.218.210.106
720,Jyoti,Ninnoli,jninnolijz@devhub.com,Female,103.20.155.4
721,Christin,Holdey,choldeyk0@ed.gov,Female,130.174.218.171
722,Reade,Bachnic,rbachnick1@clickbank.net,Male,166.39.51.71
723,Elwood,Dunbobbin,edunbobbink2@icio.us,Male,245.24.242.139
724,Bobbie,Vanin,bvanink3@answers.com,Male,114.77.130.212
725,Caril,Sapson,csapsonk4@fda.gov,Female,185.31.199.218
726,Law,Joontjes,ljoontjesk5@g.co,Male,70.252.189.148
727,Shep,Bather,sbatherk6@artisteer.com,Male,151.70.209.180
728,Seymour,Bezants,sbezantsk7@upenn.edu,Male,109.90.246.207
729,Ferdy,Spadeck,fspadeckk8@prweb.com,Genderfluid,162.170.36.93
730,Kristofer,Cardenoza,kcardenozak9@huffingtonpost.com,Male,16.118.114.42
731,Packston,Gearing,pgearingka@paginegialle.it,Male,70.62.100.204
732,Donna,Monahan,dmonahankb@freewebs.com,Female,10.192.161.55
733,Amil,Roizn,aroiznkc@pbs.org,Female,2.235.175.162
734,Henriette,Laidel,hlaidelkd@yahoo.com,Female,251.146.195.77
735,Ennis,Tripony,etriponyke@hc360.com,Male,103.221.108.127
736,Ethelbert,Camsey,ecamseykf@census.gov,Male,206.95.132.150
737,Harri,Godber,hgodberkg@addthis.com,Female,174.241.172.7
738,Bobby,Lezemere,blezemerekh@webnode.com,Polygender,119.5.176.188
739,Arty,Bonniface,abonnifaceki@unesco.org,Male,99.53.244.72
740,Ransell,Kimmerling,rkimmerlingkj@dailymail.co.uk,Bigender,146.187.139.61
741,Cornell,Le Gallo,clegallokk@geocities.jp,Male,124.239.54.90
742,Waly,Clyant,wclyantkl@tuttocitta.it,Female,100.0.231.61
743,Arvy,Gorke,agorkekm@hubpages.com,Male,133.149.117.16
744,Cori,Witty,cwittykn@tamu.edu,Male,198.252.62.198
745,Brinna,Pitcaithley,bpitcaithleyko@un.org,Non-binary,176.112.107.161
746,Rochester,Aked,rakedkp@behance.net,Male,39.218.22.174
747,Gabbie,Butchart,gbutchartkq@goo.ne.jp,Male,53.231.254.2
748,Arnie,Klishin,aklishinkr@globo.com,Male,76.200.75.8
749,Cristal,Filippone,cfilipponeks@businesswire.com,Female,228.32.86.26
750,Oriana,Roony,oroonykt@uol.com.br,Female,185.173.250.243
751,Shelby,Reiling,sreilingku@whitehouse.gov,Male,127.155.51.205
752,Idalia,Groucock,igroucockkv@barnesandnoble.com,Female,168.208.151.14
753,Clerkclaude,Dei,cdeikw@indiegogo.com,Male,132.59.189.103
754,Maxy,Andreev,mandreevkx@redcross.org,Female,221.53.11.234
755,Kacey,Wigelsworth,kwigelsworthky@dot.gov,Female,195.19.87.224
756,Antone,Grimbaldeston,agrimbaldestonkz@tmall.com,Polygender,66.159.126.252
757,Elsa,Lammenga,elammengal0@wiley.com,Bigender,189.79.80.110
758,Ernestus,Letterese,eletteresel1@xing.com,Male,34.117.206.119
759,Palm,Castagneto,pcastagnetol2@springer.com,Male,191.244.19.98
760,Dolorita,Demonge,ddemongel3@ifeng.com,Female,57.86.195.60
761,Wally,Freemantle,wfreemantlel4@hao123.com,Male,60.220.177.199
762,Martie,Vedekhov,mvedekhovl5@blogs.com,Female,32.121.248.184
763,Issiah,Station,istationl6@answers.com,Male,119.7.249.222
764,Alma,Schelle,aschellel7@uol.com.br,Female,162.116.122.68
765,Perren,Giriardelli,pgiriardellil8@yahoo.com,Male,17.235.222.142
766,Eldridge,Waszczyk,ewaszczykl9@npr.org,Male,168.84.56.239
767,Griffie,Creed,gcreedla@cpanel.net,Male,219.178.193.6
768,Carole,Faiers,cfaierslb@furl.net,Female,96.219.23.4
769,Germaine,Hannam,ghannamlc@deviantart.com,Female,20.221.40.88
770,Jammal,Vasilchikov,jvasilchikovld@ustream.tv,Male,22.148.57.234
771,Ivan,Slaney,islaneyle@scribd.com,Polygender,117.70.197.236
772,Simone,Cobbin,scobbinlf@economist.com,Male,45.60.104.143
773,Eddie,Neve,enevelg@example.com,Male,172.199.225.58
774,Mathilda,Baterip,mbateriplh@github.io,Female,208.117.54.16
775,Nicolas,Cowland,ncowlandli@over-blog.com,Male,189.125.220.223
776,Maryjo,Swaffer,mswafferlj@cbslocal.com,Female,127.7.148.207
777,Bo,Bygraves,bbygraveslk@angelfire.com,Male,225.76.0.201
778,Kathrine,Rubke,krubkell@goodreads.com,Female,123.198.236.109
779,Natalya,Atlay,natlaylm@jiathis.com,Female,209.229.219.128
780,Malina,Beeswing,mbeeswingln@technorati.com,Female,227.206.200.164
781,Brew,Elgie,belgielo@angelfire.com,Male,23.235.141.53
782,Arch,Potteridge,apotteridgelp@multiply.com,Male,34.30.204.212
783,Franciskus,Fouracres,ffouracreslq@newyorker.com,Male,153.97.63.243
784,Roley,Robins,rrobinslr@hibu.com,Agender,183.113.77.131
785,Abbey,Jacob,ajacobls@parallels.com,Female,216.84.119.28
786,Pavel,Sysland,psyslandlt@tmall.com,Male,197.249.47.96
787,Mitchell,Whardley,mwhardleylu@e-recht24.de,Male,31.180.164.26
788,Curry,Canaan,ccanaanlv@msn.com,Male,202.212.187.175
789,Maxie,Lyenyng,mlyenynglw@about.me,Genderqueer,96.17.253.103
790,Inez,Goldup,igolduplx@privacy.gov.au,Female,103.141.37.138
791,Alyse,Fripps,afrippsly@purevolume.com,Female,148.139.153.67
792,Hillyer,Cantua,hcantualz@bbc.co.uk,Male,95.96.222.84
793,Heida,Lockwood,hlockwoodm0@answers.com,Female,119.59.121.147
794,Cyb,Adamec,cadamecm1@cafepress.com,Female,240.66.175.231
795,Gregg,Ranking,grankingm2@chronoengine.com,Male,137.202.43.189
796,Peria,Itzhaiek,pitzhaiekm3@cbc.ca,Female,157.216.193.25
797,Korry,Zamora,kzamoram4@flavors.me,Female,139.176.162.68
798,Fae,Kasman,fkasmanm5@amazonaws.com,Female,239.189.64.234
799,Fitzgerald,Roelofsen,froelofsenm6@barnesandnoble.com,Genderqueer,237.65.32.26
800,Flo,Yve,fyvem7@hud.gov,Female,229.67.140.45
801,Emlyn,De Mitri,edemitrim8@uiuc.edu,Female,102.137.25.203
802,Krystle,Frail,kfrailm9@blogtalkradio.com,Female,108.25.196.26
803,Bell,Cavy,bcavyma@bbb.org,Female,174.173.84.132
804,Abel,Gapper,agappermb@paginegialle.it,Male,23.25.113.147
805,Koressa,Yitzovitz,kyitzovitzmc@tinyurl.com,Female,254.214.47.130
806,Brod,Klimentyev,bklimentyevmd@techcrunch.com,Male,194.192.69.143
807,Dena,Clackson,dclacksonme@springer.com,Female,245.138.87.189
808,Aloysius,Delafoy,adelafoymf@multiply.com,Male,179.168.178.60
809,Rori,Dikles,rdiklesmg@sakura.ne.jp,Female,83.132.234.202
810,Beauregard,Dorant,bdorantmh@cnbc.com,Genderfluid,86.26.135.123
811,Erin,Purselowe,epurselowemi@oakley.com,Male,108.36.191.110
812,Doreen,Tybalt,dtybaltmj@bbb.org,Genderqueer,255.26.218.41
813,Haley,Chalmers,hchalmersmk@google.cn,Male,188.153.117.255
814,Merilyn,Hardy-Piggin,mhardypigginml@ca.gov,Female,57.193.177.44
815,Morena,Rowena,mrowenamm@foxnews.com,Female,117.183.94.219
816,Amandy,Sibray,asibraymn@feedburner.com,Female,114.157.106.230
817,Sydney,Spradbery,sspradberymo@topsy.com,Female,9.144.58.177
818,Joelly,Lanyon,jlanyonmp@g.co,Female,102.61.151.232
819,Debora,Beedell,dbeedellmq@omniture.com,Female,81.130.186.185
820,Jesse,Spellecy,jspellecymr@narod.ru,Female,177.163.99.21
821,Shel,Prott,sprottms@zimbio.com,Female,20.122.132.120
822,Marcellus,Lindborg,mlindborgmt@de.vu,Male,10.132.80.119
823,Shermy,O'Mahoney,somahoneymu@salon.com,Male,2.156.211.14
824,Catherina,Lukock,clukockmv@webmd.com,Female,54.229.58.206
825,Graham,Lenin,gleninmw@cam.ac.uk,Male,134.215.75.215
826,Jack,Reen,jreenmx@sciencedirect.com,Male,138.89.119.159
827,Mable,Grinnov,mgrinnovmy@salon.com,Female,47.155.81.9
828,Udall,Passy,upassymz@behance.net,Male,151.80.191.246
829,Coletta,Marples,cmarplesn0@craigslist.org,Female,207.57.34.143
830,Christie,Silber,csilbern1@army.mil,Male,88.89.247.120
831,Chandal,Adenot,cadenotn2@patch.com,Female,220.175.0.105
832,Bald,Sibbs,bsibbsn3@hatena.ne.jp,Male,50.33.205.241
833,August,Beckhouse,abeckhousen4@chron.com,Male,81.102.248.181
834,Allix,Yanshin,ayanshinn5@alexa.com,Female,86.235.70.216
835,Any,Clemits,aclemitsn6@sohu.com,Male,173.0.119.15
836,Clarice,Laskey,claskeyn7@dedecms.com,Polygender,118.248.137.187
837,Timothy,Olpin,tolpinn8@reverbnation.com,Male,231.115.73.220
838,Saul,Beedie,sbeedien9@themeforest.net,Male,68.1.76.118
839,Irving,Whatsize,iwhatsizena@meetup.com,Male,76.42.127.102
840,Demetre,Lockett,dlockettnb@cafepress.com,Bigender,131.194.77.7
841,Les,Adenet,ladenetnc@sun.com,Male,25.87.156.184
842,Roddy,Waghorn,rwaghornnd@geocities.jp,Male,250.199.155.118
843,Carson,Matusovsky,cmatusovskyne@google.com.br,Male,103.123.96.9
844,Horst,MacGibbon,hmacgibbonnf@elpais.com,Agender,194.166.174.34
845,Jessey,Raynton,jrayntonng@dyndns.org,Male,12.61.144.49
846,Lowrance,Dorkin,ldorkinnh@bigcartel.com,Male,250.197.11.253
847,Sindee,Haselgrove,shaselgroveni@bloglines.com,Female,116.167.45.97
848,Fanchette,Mitie,fmitienj@photobucket.com,Genderfluid,12.36.219.21
849,Dasha,Kimbury,dkimburynk@aol.com,Female,58.43.114.119
850,Henri,Willatt,hwillattnl@cpanel.net,Male,120.239.202.109
851,Craig,Berdale,cberdalenm@hibu.com,Male,242.244.5.146
852,Donnie,Thatcher,dthatchernn@prweb.com,Female,130.105.238.218
853,Angy,Fayer,afayerno@barnesandnoble.com,Female,148.251.133.164
854,Phillipp,Goldin,pgoldinnp@cbsnews.com,Male,151.249.4.19
855,Fayette,Routledge,froutledgenq@hexun.com,Female,245.198.223.73
856,Rebekah,Hurdiss,rhurdissnr@rediff.com,Female,27.123.186.70
857,Melantha,Attewill,mattewillns@nydailynews.com,Female,127.51.119.18
858,Esra,Kuschek,ekuscheknt@exblog.jp,Male,46.252.71.207
859,Quintus,Burndred,qburndrednu@dagondesign.com,Male,226.176.180.112
860,Saudra,Dryden,sdrydennv@nps.gov,Female,51.147.175.187
861,Matilda,Pitchford,mpitchfordnw@acquirethisname.com,Female,1.67.156.174
862,Doria,Nashe,dnashenx@hibu.com,Female,123.232.135.7
863,Devon,Dy,ddyny@netscape.com,Non-binary,237.124.22.209
864,Arnold,Deppen,adeppennz@craigslist.org,Male,111.143.48.138
865,Clay,Licciardi,clicciardio0@cbc.ca,Male,112.36.20.125
866,Pamelina,Nockells,pnockellso1@wisc.edu,Female,182.58.176.163
867,Dillon,Wherry,dwherryo2@yellowpages.com,Male,136.146.167.237
868,Nisse,Jurisic,njurisico3@archive.org,Female,239.86.138.185
869,Evey,West,ewesto4@cam.ac.uk,Genderqueer,51.56.233.87
870,Malachi,Josephi,mjosephio5@unicef.org,Male,171.248.104.198
871,Marissa,Oldnall,moldnallo6@pbs.org,Female,189.189.225.178
872,Jaymee,Page,jpageo7@surveymonkey.com,Female,194.194.129.70
873,Chiquia,Hulme,chulmeo8@nationalgeographic.com,Genderqueer,63.214.46.37
874,Morty,Sabben,msabbeno9@hexun.com,Male,84.165.167.69
875,Keefer,Gilpin,kgilpinoa@hubpages.com,Male,215.157.148.252
876,Cammi,Keddey,ckeddeyob@csmonitor.com,Female,71.49.241.226
877,Chrissie,Tarzey,ctarzeyoc@loc.gov,Male,79.139.1.133
878,Ingeberg,Orlton,iorltonod@flickr.com,Female,141.5.61.4
879,Raynor,Klementz,rklementzoe@goo.gl,Male,253.173.127.58
880,Angy,Folks,afolksof@psu.edu,Female,133.33.15.212
881,Shalom,Dimmer,sdimmerog@usatoday.com,Male,91.213.190.107
882,Alfie,Rhule,arhuleoh@nifty.com,Female,169.197.234.217
883,Tildy,Sibbald,tsibbaldoi@xrea.com,Female,222.39.149.44
884,Katusha,Emmer,kemmeroj@marriott.com,Female,17.229.99.171
885,Adelice,Jendrusch,ajendruschok@privacy.gov.au,Female,28.0.136.226
886,Rickie,Conichie,rconichieol@shareasale.com,Female,130.54.45.113
887,Ramonda,Bifield,rbifieldom@unblog.fr,Female,166.120.3.165
888,Grady,Waight,gwaighton@netlog.com,Male,61.32.197.164
889,Zach,Downing,zdowningoo@globo.com,Male,193.104.224.168
890,Kalle,Cowden,kcowdenop@yellowpages.com,Male,223.44.115.92
891,Biddy,Ledgard,bledgardoq@mac.com,Female,158.104.169.219
892,Wilmette,Schwand,wschwandor@forbes.com,Female,133.177.82.153
893,Cecil,MacPike,cmacpikeos@yandex.ru,Female,154.255.130.92
894,Antoinette,Tudgay,atudgayot@lycos.com,Female,42.163.148.124
895,Mozes,MacIlurick,mmacilurickou@1und1.de,Polygender,28.93.12.77
896,Prent,Dancy,pdancyov@walmart.com,Male,15.223.171.166
897,Bernarr,Arnaez,barnaezow@elegantthemes.com,Male,179.191.198.250
898,Laina,Pee,lpeeox@prnewswire.com,Female,95.205.204.224
899,Agatha,Callinan,acallinanoy@umn.edu,Female,69.8.42.73
900,Wynn,Bricham,wbrichamoz@time.com,Male,14.180.180.101
901,Maren,Echlin,mechlinp0@nbcnews.com,Female,249.196.24.105
902,Sharia,Mundie,smundiep1@flickr.com,Female,166.61.28.246
903,Vivian,Mc Harg,vmchargp2@technorati.com,Female,211.137.137.84
904,Greggory,Housbey,ghousbeyp3@seattletimes.com,Male,102.34.55.58
905,Niko,Renison,nrenisonp4@apache.org,Male,5.168.198.73
906,Karena,Parradice,kparradicep5@techcrunch.com,Polygender,72.180.143.80
907,Katleen,Lyokhin,klyokhinp6@google.fr,Female,122.159.29.114
908,Lane,Pinniger,lpinnigerp7@plala.or.jp,Male,199.154.13.41
909,Shayna,Catley,scatleyp8@mlb.com,Female,31.160.89.138
910,Elva,O'Beirne,eobeirnep9@ucoz.ru,Female,225.13.220.27
911,Moe,Records,mrecordspa@dell.com,Male,211.0.147.187
912,Vaughn,Pridmore,vpridmorepb@washingtonpost.com,Male,65.206.253.125
913,Marchall,Kellough,mkelloughpc@unc.edu,Male,27.49.187.199
914,Cherlyn,Adamowitz,cadamowitzpd@ask.com,Female,97.171.172.188
915,Vonny,Hamstead,vhamsteadpe@fc2.com,Female,206.11.117.148
916,Dillon,Surfleet,dsurfleetpf@sphinn.com,Male,152.26.220.96
917,Asa,Noulton,anoultonpg@tamu.edu,Male,52.209.154.210
918,Cherri,Walkington,cwalkingtonph@cnbc.com,Female,128.229.80.81
919,Roxane,Hobbema,rhobbemapi@dailymotion.com,Female,158.189.173.91
920,Paulita,Plait,pplaitpj@answers.com,Female,122.168.12.144
921,Leonard,Littlechild,llittlechildpk@mozilla.com,Male,105.59.190.17
922,Sibel,Farrimond,sfarrimondpl@europa.eu,Female,250.34.80.39
923,Patty,Assandri,passandripm@dmoz.org,Female,30.56.39.114
924,Cyrill,Melby,cmelbypn@sbwire.com,Genderfluid,188.173.106.163
925,Burk,Pottes,bpottespo@dell.com,Male,159.61.108.147
926,Sinclare,Bafford,sbaffordpp@hubpages.com,Male,140.152.218.195
927,Reidar,Wetherill,rwetherillpq@usatoday.com,Genderqueer,146.251.169.241
928,Auroora,Shearsby,ashearsbypr@hp.com,Female,153.152.186.144
929,Thor,de Glanville,tdeglanvilleps@techcrunch.com,Male,99.246.187.44
930,Wilfred,Seleway,wselewaypt@posterous.com,Male,171.62.96.212
931,Erica,Wilmington,ewilmingtonpu@arizona.edu,Female,190.191.158.229
932,Silvan,Barrand,sbarrandpv@ovh.net,Male,182.143.150.37
933,Inez,Auty,iautypw@jiathis.com,Female,236.57.125.99
934,Hurlee,Rockwill,hrockwillpx@apache.org,Male,124.50.251.20
935,Yuri,Lodewick,ylodewickpy@slideshare.net,Non-binary,188.127.33.148
936,Brok,Grigorian,bgrigorianpz@indiatimes.com,Male,0.193.233.35
937,Lemmie,Richings,lrichingsq0@geocities.jp,Male,70.121.174.33
938,Allard,Myhan,amyhanq1@nydailynews.com,Male,123.100.151.244
939,Bar,Linnard,blinnardq2@tmall.com,Male,126.12.108.247
940,Aurie,Conlaund,aconlaundq3@nifty.com,Female,188.142.180.46
941,Gigi,Vassel,gvasselq4@artisteer.com,Female,12.192.123.201
942,Derward,Chrstine,dchrstineq5@howstuffworks.com,Male,98.66.215.57
943,Tammi,Ausiello,tausielloq6@google.cn,Female,67.213.246.3
944,Toby,Popping,tpoppingq7@tripod.com,Male,166.155.60.20
945,Leora,Granger,lgrangerq8@shutterfly.com,Female,242.225.214.93
946,Fionnula,Mundee,fmundeeq9@jimdo.com,Female,174.20.221.250
947,Bunni,Iremonger,biremongerqa@scribd.com,Female,150.184.224.223
948,Carlie,Ikin,cikinqb@myspace.com,Male,225.151.137.133
949,Dody,Hegg,dheggqc@com.com,Female,195.203.69.97
950,Bucky,Carwardine,bcarwardineqd@va.gov,Polygender,136.16.146.239
951,Alina,Frunks,afrunksqe@google.ca,Female,225.140.166.118
952,Giacopo,Niven,gnivenqf@com.com,Male,204.74.46.192
953,Phil,Sore,psoreqg@eepurl.com,Male,38.5.114.237
954,Julieta,Andreopolos,jandreopolosqh@cnbc.com,Female,7.38.149.85
955,Forbes,Tomasik,ftomasikqi@ibm.com,Male,27.67.78.56
956,Rosanne,Woodley,rwoodleyqj@redcross.org,Female,118.72.188.140
957,Celesta,Rawlence,crawlenceqk@is.gd,Female,87.164.163.86
958,Caprice,Paeckmeyer,cpaeckmeyerql@goo.ne.jp,Female,192.203.171.145
959,Tony,Blainey,tblaineyqm@parallels.com,Female,197.204.161.233
960,Keven,Vercruysse,kvercruysseqn@gizmodo.com,Male,103.250.233.149
961,Paco,McCarron,pmccarronqo@nyu.edu,Male,4.40.61.153
962,Adan,Stormouth,astormouthqp@baidu.com,Male,125.252.232.156
963,Shayna,Hasell,shasellqq@tamu.edu,Female,132.104.75.160
964,Isabella,Mastrantone,imastrantoneqr@jalbum.net,Polygender,33.82.34.189
965,Dane,Isacke,disackeqs@apache.org,Male,73.241.164.161
966,Arvy,McVicker,amcvickerqt@noaa.gov,Male,254.46.255.206
967,Joshia,Wadeson,jwadesonqu@ameblo.jp,Male,190.137.2.18
968,Vivienne,Jaan,vjaanqv@wikipedia.org,Female,206.140.163.231
969,Linus,Lassen,llassenqw@google.co.uk,Genderfluid,39.234.187.31
970,Meghan,Lander,mlanderqx@jugem.jp,Female,98.100.242.235
971,Salmon,Dittson,sdittsonqy@wikispaces.com,Male,4.17.60.74
972,Harper,Riddick,hriddickqz@cargocollective.com,Male,8.35.82.158
973,Orazio,Dowker,odowkerr0@statcounter.com,Male,5.221.149.101
974,Simone,Penvarne,spenvarner1@vimeo.com,Male,79.84.222.39
975,Willis,Zavattieri,wzavattierir2@bravesites.com,Male,202.213.137.102
976,Lynde,Cord,lcordr3@trellian.com,Female,219.175.137.55
977,Cymbre,Rosbotham,crosbothamr4@squarespace.com,Female,183.45.196.193
978,Caryl,Vedenyakin,cvedenyakinr5@mayoclinic.com,Female,120.136.10.24
979,Irving,Duester,iduesterr6@paginegialle.it,Male,57.101.36.197
980,Karine,Enoksson,kenokssonr7@sfgate.com,Female,156.225.203.153
981,Freddie,Sanday,fsandayr8@bloglovin.com,Male,153.141.94.105
982,Griz,Danels,gdanelsr9@miitbeian.gov.cn,Male,168.66.155.234
983,Rayshell,Maxworthy,rmaxworthyra@hexun.com,Female,29.74.148.214
984,Ginni,Moline,gmolinerb@sbwire.com,Female,2.77.219.224
985,Shaun,Sancias,ssanciasrc@usgs.gov,Non-binary,247.37.178.230
986,Nanci,Stubbe,nstubberd@blogtalkradio.com,Female,168.167.134.155
987,Perle,Janaszkiewicz,pjanaszkiewiczre@dmoz.org,Female,98.142.8.203
988,Gale,Frarey,gfrareyrf@a8.net,Female,150.7.165.129
989,Ferdinande,Cases,fcasesrg@ca.gov,Female,102.160.190.161
990,Ardra,McCarly,amccarlyrh@studiopress.com,Female,31.53.0.253
991,Starlene,Lorraine,slorraineri@bbb.org,Non-binary,17.136.15.45
992,Stanwood,Bertot,sbertotrj@cnn.com,Male,154.113.56.236
993,Noellyn,Kirby,nkirbyrk@wufoo.com,Female,244.199.142.28
994,Lorain,Geane,lgeanerl@nasa.gov,Genderqueer,246.255.168.60
995,Barbie,Deboo,bdeboorm@slate.com,Female,182.196.252.69
996,Franchot,Duns,fdunsrn@quantcast.com,Male,232.227.108.147
997,Clarence,Andraud,candraudro@ihg.com,Male,121.255.205.142
998,Orelie,Benedite,obenediterp@upenn.edu,Genderqueer,108.177.252.88
999,Glyn,Whitland,gwhitlandrq@reverbnation.com,Male,91.187.148.101
1000,Erroll,Pick,epickrr@freewebs.com,Male,217.99.255.0
